z,E_ratio_const_Ωω,E_ratio_scaling_n4,Δχ/χ_const_Ωω,Δχ/χ_scaling_n4
0.1,1.0,1.0131718641600926,0.0,-0.011384338690443743
0.5,1.0,1.028551999904295,0.0,-0.018020170771562708
1.0,1.0,1.048734450708841,0.0,-0.026015470762776872
