Survey,z_mean,N_gal,Asymmetry_pred,Asymmetry_obs
SDSS_DR7,0.10,380000,0.00285,0.0029
PanSTARRS,0.25,900000,0.00237,
JWST_JADES,4.00,1200,0.00027,0.0012
LSST_Y10,0.80,800000000,0.00129,


